{
  "vocab_size": 10000,
  "base_size": 297,
  "merges_size": 9703,
  "allocations": {
    "en": 2716,
    "hi": 1407,
    "te": 2401,
    "ta": 3403
  },
  "ratios": {
    "en": 0.7558160613934377,
    "hi": 0.6951246743580201,
    "te": 0.691415313225058,
    "ta": 0.6903822981706649
  },
  "tpw_ratios": {
    "en": 1.3230732331307964,
    "hi": 1.4385908555519864,
    "te": 1.4463087248322148,
    "ta": 1.4484728282427608
  },
  "token_counts": {
    "en": 16549,
    "hi": 13435,
    "te": 4741,
    "ta": 18258
  },
  "word_counts": {
    "en": 12508,
    "hi": 9339,
    "te": 3278,
    "ta": 12605
  },
  "self_score": 7974.507406560117,
  "diff": 0.1253995951119644,
  "best_lang": "en"
}