{
  "vocab_size": 10000,
  "base_size": 297,
  "merges_size": 9703,
  "allocations": {
    "en": 2170,
    "hi": 1539,
    "te": 2540,
    "ta": 3672
  },
  "ratios": {
    "en": 0.7109645881884841,
    "hi": 0.7149747358750574,
    "te": 0.7122990004345937,
    "ta": 0.7110622214700739
  },
  "token_counts": {
    "en": 17593,
    "hi": 13062,
    "te": 4602,
    "ta": 17727
  },
  "word_counts": {
    "en": 12508,
    "hi": 9339,
    "te": 3278,
    "ta": 12605
  },
  "self_score": 249367.3745104607,
  "diff": 0.004010147686573373
}