{
  "vocab_size": 10000,
  "base_size": 297,
  "merges_size": 9703,
  "allocations": {
    "en": 3949,
    "hi": 1129,
    "te": 2069,
    "ta": 2765
  },
  "ratios": {
    "en": 0.837607982321034,
    "hi": 0.6516187552330449,
    "te": 0.6469311229524374,
    "ta": 0.6476058364159474
  },
  "tpw_ratios": {
    "en": 1.1938759194115767,
    "hi": 1.534639683049577,
    "te": 1.5457596095179988,
    "ta": 1.5441491471638238
  },
  "token_counts": {
    "en": 14933,
    "hi": 14332,
    "te": 5067,
    "ta": 19464
  },
  "word_counts": {
    "en": 12508,
    "hi": 9339,
    "te": 3278,
    "ta": 12605
  },
  "self_score": 2841.848110941329,
  "diff": 0.3518836901064222,
  "best_lang": "en",
  "worst_lang": "te",
  "en_constraint_ok": true
}